Die häufigsten Seiten,Klicks,Impressionen,CTR,Position
https://silverhealthdaily.com/,2,9,22.22%,1
https://www.silverhealthdaily.com/articles/how-many-calories-does-walking-burn/,0,131,0%,89.78
https://silverhealthdaily.com/articles/how-to-estimate-body-fat-percentage,0,74,0%,86.96
https://silverhealthdaily.com/articles/how-many-calories-do-you-need-daily,0,17,0%,97.12
https://silverhealthdaily.com/articles/how-many-calories-does-walking-burn,0,11,0%,82.82
https://silverhealthdaily.com/articles/how-many-steps-per-day-for-health,0,11,0%,87.18
https://www.silverhealthdaily.com/articles/how-to-track-calories-and-nutrition-free/,0,8,0%,79.62
https://silverhealthdaily.com/articles/how-to-track-calories-and-nutrition-free,0,6,0%,88.17
https://silverhealthdaily.com/articles/memory-exercises-older-adults,0,4,0%,79.5
https://www.silverhealthdaily.com/articles/balance-exercises-prevent-falls-seniors/,0,3,0%,58
https://silverhealthdaily.com/articles/balance-exercises-prevent-falls-seniors,0,3,0%,78.67
https://silverhealthdaily.com/articles/osteoporosis-exercises-bone-health,0,3,0%,79.33
https://silverhealthdaily.com/tools/water-intake-calculator/,0,3,0%,82.33
https://www.silverhealthdaily.com/articles/how-to-estimate-body-fat-percentage/,0,2,0%,50.5
https://www.silverhealthdaily.com/disclaimer/,0,1,0%,2
https://www.silverhealthdaily.com/privacy-policy,0,1,0%,3
https://www.silverhealthdaily.com/core-strength,0,1,0%,4
https://silverhealthdaily.com/tools/body-fat-calculator/,0,1,0%,5
https://silverhealthdaily.com/tools/step-goal-calculator/,0,1,0%,80
https://silverhealthdaily.com/tools/7-day-walking-plan/,0,1,0%,86
https://silverhealthdaily.com/tools/daily-calorie-calculator/,0,1,0%,98